country,solar,onwind,offwind,temperature
DE,0.23006,0.27938,0.08074,0.64097e-06
NL,0.06110,0.03882,0.03938,1.02236e-06
UK,0.04036,0.09736,0.13279,3.89457e-06
